{
  "package": "fhir.ig",
  "version": "0.1.0",
  "fhirVersion": "4.0.1",
  "extensions": [
    {
      "url": "http://fhir-registry.smarthealthit.org/StructureDefinition/booking-deep-link",
      "title": "Booking Deep Link",
      "types": [
        "url"
      ]
    },
    {
      "url": "http://fhir-registry.smarthealthit.org/StructureDefinition/booking-phone",
      "title": "Booking Phone",
      "types": [
        "string"
      ]
    }
  ],
  "profiles": {
    "Location": [
      {
        "url": "https://smart-scheduling-links.org/StructureDefinition/smart-location",
        "title": "SMART Location"
      }
    ],
    "Practitioner": [
      {
        "url": "https://smart-scheduling-links.org/StructureDefinition/smart-practitioner",
        "title": "SMART Practitioner"
      }
    ],
    "PractitionerRole": [
      {
        "url": "https://smart-scheduling-links.org/StructureDefinition/smart-practitionerRole",
        "title": "SmartPractitionerRole"
      }
    ],
    "Schedule": [
      {
        "url": "https://smart-scheduling-links.org/StructureDefinition/smart-schedule",
        "title": "SMART Schedule"
      }
    ],
    "Slot": [
      {
        "url": "https://smart-scheduling-links.org/StructureDefinition/smart-slot",
        "title": "SMART Slot"
      }
    ]
  },
  "usage": {
    "http://fhir-registry.smarthealthit.org/StructureDefinition/booking-deep-link": [
      "Slot"
    ],
    "http://fhir-registry.smarthealthit.org/StructureDefinition/booking-phone": [
      "Slot"
    ],
    "http://hl7.org/fhir/StructureDefinition/elementdefinition-bestpractice": [
      "StructureDefinition.snapshot.element.constraint"
    ],
    "http://hl7.org/fhir/StructureDefinition/elementdefinition-bestpractice-explanation": [
      "StructureDefinition.snapshot.element.constraint"
    ],
    "http://hl7.org/fhir/StructureDefinition/elementdefinition-bindingName": [
      "StructureDefinition.snapshot.element.binding"
    ],
    "http://hl7.org/fhir/StructureDefinition/elementdefinition-maxValueSet": [
      "StructureDefinition.snapshot.element.binding"
    ],
    "http://hl7.org/fhir/StructureDefinition/elementdefinition-translatable": [
      "StructureDefinition.snapshot.element"
    ],
    "http://hl7.org/fhir/StructureDefinition/structuredefinition-fhir-type": [
      "StructureDefinition.snapshot.element.type"
    ],
    "http://hl7.org/fhir/StructureDefinition/structuredefinition-hierarchy": [
      "StructureDefinition.snapshot.element.type"
    ],
    "http://hl7.org/fhir/tools/StructureDefinition/ig-internal-dependency": [
      "ImplementationGuide.definition"
    ],
    "http://hl7.org/fhir/tools/StructureDefinition/ig-page-name": [
      "ImplementationGuide.definition.page",
      "ImplementationGuide.definition.page.page"
    ],
    "http://hl7.org/fhir/tools/StructureDefinition/ig-parameter": [
      "ImplementationGuide.definition"
    ],
    "http://hl7.org/fhir/tools/StructureDefinition/implementationguide-dependency-comment": [
      "ImplementationGuide.dependsOn"
    ],
    "http://hl7.org/fhir/tools/StructureDefinition/resource-information": [
      "ImplementationGuide.definition.resource"
    ],
    "http://hl7.org/fhir/tools/StructureDefinition/snapshot-base-version": [
      "StructureDefinition.snapshot"
    ]
  }
}