{
  "codeSystems" : [{
    "url" : "http://hl7.org/fhir/ValueSet/address-type",
    "version" : "4.0.1",
    "status" : "active",
    "name" : "AddressType",
    "title" : "AddressType",
    "description" : "The type of an address (physical / postal).",
    "systems" : ["http://hl7.org/fhir/address-type"],
    "oids" : ["2.16.840.1.113883.4.642.3.69"],
    "sources" : ["2.16.840.1.113883.4.642.3.69"],
    "uses" : {
    },
    "StructureDefinition-smart-location.html" : "SMART Location"
  },
  {
    "url" : "http://hl7.org/fhir/ValueSet/address-use",
    "version" : "4.0.1",
    "status" : "active",
    "name" : "AddressUse",
    "title" : "AddressUse",
    "description" : "The use of an address.",
    "systems" : ["http://hl7.org/fhir/address-use"],
    "oids" : ["2.16.840.1.113883.4.642.3.67"],
    "sources" : ["2.16.840.1.113883.4.642.3.67"],
    "uses" : {
    },
    "StructureDefinition-smart-location.html" : "SMART Location"
  },
  {
    "url" : "http://hl7.org/fhir/ValueSet/c80-practice-codes",
    "version" : "4.0.1",
    "status" : "active",
    "name" : "PracticeSettingCodeValueSet",
    "title" : "Practice Setting Code Value Set",
    "description" : "This is the code representing the clinical specialty of the clinician or provider who interacted with, treated, or provided a service to/for the patient. The value set used for clinical specialty has been limited by HITSP to the value set reproduced from HITSP C80 Table 2-149 Clinical Specialty Value Set Definition.",
    "systems" : ["http://snomed.info/sct"],
    "oids" : ["2.16.840.1.113883.3.88.12.80.72"],
    "sources" : ["2.16.840.1.113883.3.88.12.80.72"],
    "uses" : {
    },
    "StructureDefinition-smart-slot.html" : "SMART Slot",
    "StructureDefinition-smart-schedule.html" : "SMART Schedule"
  },
  {
    "url" : "http://hl7.org/fhir/ValueSet/contact-point-system",
    "version" : "4.0.1",
    "status" : "active",
    "name" : "ContactPointSystem",
    "title" : "ContactPointSystem",
    "description" : "Telecommunications form for contact point.",
    "systems" : ["http://hl7.org/fhir/contact-point-system"],
    "oids" : ["2.16.840.1.113883.4.642.3.71"],
    "sources" : ["2.16.840.1.113883.4.642.3.71"],
    "uses" : {
    },
    "StructureDefinition-smart-location.html" : "SMART Location"
  },
  {
    "url" : "http://hl7.org/fhir/ValueSet/contact-point-use",
    "version" : "4.0.1",
    "status" : "active",
    "name" : "ContactPointUse",
    "title" : "ContactPointUse",
    "description" : "Use of contact point.",
    "systems" : ["http://hl7.org/fhir/contact-point-use"],
    "oids" : ["2.16.840.1.113883.4.642.3.73"],
    "sources" : ["2.16.840.1.113883.4.642.3.73"],
    "uses" : {
    },
    "StructureDefinition-smart-location.html" : "SMART Location"
  },
  {
    "url" : "http://hl7.org/fhir/ValueSet/days-of-week",
    "version" : "4.0.1",
    "status" : "active",
    "name" : "DaysOfWeek",
    "title" : "DaysOfWeek",
    "description" : "The days of the week.",
    "systems" : ["http://hl7.org/fhir/days-of-week"],
    "oids" : ["2.16.840.1.113883.4.642.3.512"],
    "sources" : ["2.16.840.1.113883.4.642.3.512"],
    "uses" : {
    },
    "StructureDefinition-smart-location.html" : "SMART Location"
  },
  {
    "url" : "http://hl7.org/fhir/ValueSet/languages",
    "version" : "4.0.1",
    "status" : "draft",
    "name" : "CommonLanguages",
    "title" : "Common Languages",
    "description" : "This value set includes common codes from BCP-47 (http://tools.ietf.org/html/bcp47)",
    "systems" : ["urn:ietf:bcp:47"],
    "oids" : ["2.16.840.1.113883.4.642.3.20"],
    "sources" : ["2.16.840.1.113883.4.642.3.20"],
    "uses" : {
    },
    "StructureDefinition-smart-location.html" : "SMART Location",
    "StructureDefinition-smart-slot.html" : "SMART Slot",
    "StructureDefinition-smart-schedule.html" : "SMART Schedule"
  },
  {
    "url" : "http://hl7.org/fhir/ValueSet/location-mode",
    "version" : "4.0.1",
    "status" : "draft",
    "name" : "LocationMode",
    "title" : "LocationMode",
    "description" : "Indicates whether a resource instance represents a specific location or a class of locations.",
    "systems" : ["http://hl7.org/fhir/location-mode"],
    "oids" : ["2.16.840.1.113883.4.642.3.330"],
    "sources" : ["2.16.840.1.113883.4.642.3.330"],
    "uses" : {
    },
    "StructureDefinition-smart-location.html" : "SMART Location"
  },
  {
    "url" : "http://hl7.org/fhir/ValueSet/location-physical-type",
    "version" : "4.0.1",
    "status" : "draft",
    "name" : "LocationType",
    "title" : "Location type",
    "description" : "This example value set defines a set of codes that can be used to indicate the physical form of the Location.",
    "systems" : ["http://terminology.hl7.org/CodeSystem/location-physical-type"],
    "oids" : ["2.16.840.1.113883.4.642.3.328"],
    "sources" : ["2.16.840.1.113883.4.642.3.328"],
    "uses" : {
    },
    "StructureDefinition-smart-location.html" : "SMART Location"
  },
  {
    "url" : "http://hl7.org/fhir/ValueSet/location-status",
    "version" : "4.0.1",
    "status" : "draft",
    "name" : "LocationStatus",
    "title" : "LocationStatus",
    "description" : "Indicates whether the location is still in use.",
    "systems" : ["http://hl7.org/fhir/location-status"],
    "oids" : ["2.16.840.1.113883.4.642.3.332"],
    "sources" : ["2.16.840.1.113883.4.642.3.332"],
    "uses" : {
    },
    "StructureDefinition-smart-location.html" : "SMART Location"
  },
  {
    "url" : "http://hl7.org/fhir/ValueSet/resource-types",
    "version" : "4.0.1",
    "status" : "active",
    "name" : "ResourceType",
    "title" : "ResourceType",
    "description" : "One of the resource types defined as part of this version of FHIR.",
    "systems" : ["http://hl7.org/fhir/resource-types"],
    "oids" : ["2.16.840.1.113883.4.642.3.27"],
    "sources" : ["2.16.840.1.113883.4.642.3.27"],
    "uses" : {
    },
    "StructureDefinition-smart-schedule.html" : "SMART Schedule"
  },
  {
    "url" : "http://hl7.org/fhir/ValueSet/service-category",
    "version" : "4.0.1",
    "status" : "draft",
    "name" : "ServiceCategory",
    "title" : "Service category",
    "description" : "This value set defines an example set of codes that can be used to classify groupings of service-types/specialties.",
    "systems" : ["http://terminology.hl7.org/CodeSystem/service-category"],
    "oids" : ["2.16.840.1.113883.4.642.3.516"],
    "sources" : ["2.16.840.1.113883.4.642.3.516"],
    "uses" : {
    },
    "StructureDefinition-smart-slot.html" : "SMART Slot",
    "StructureDefinition-smart-schedule.html" : "SMART Schedule"
  },
  {
    "url" : "http://hl7.org/fhir/ValueSet/service-type",
    "version" : "4.0.1",
    "status" : "draft",
    "name" : "ServiceType",
    "title" : "Service type",
    "description" : "This value set defines an example set of codes of service-types.",
    "systems" : ["http://terminology.hl7.org/CodeSystem/service-type"],
    "oids" : ["2.16.840.1.113883.4.642.3.518"],
    "sources" : ["2.16.840.1.113883.4.642.3.518"],
    "uses" : {
    },
    "StructureDefinition-smart-slot.html" : "SMART Slot",
    "StructureDefinition-smart-schedule.html" : "SMART Schedule"
  },
  {
    "url" : "http://hl7.org/fhir/ValueSet/slotstatus",
    "version" : "4.0.1",
    "status" : "draft",
    "name" : "SlotStatus",
    "title" : "SlotStatus",
    "description" : "The free/busy status of the slot.",
    "systems" : ["http://hl7.org/fhir/slotstatus"],
    "oids" : ["2.16.840.1.113883.4.642.3.482"],
    "sources" : ["2.16.840.1.113883.4.642.3.482"],
    "uses" : {
    },
    "StructureDefinition-smart-slot.html" : "SMART Slot"
  },
  {
    "url" : "http://terminology.hl7.org/ValueSet/v2-0116",
    "version" : "2.0.0",
    "status" : "active",
    "name" : "Hl7VSBedStatus",
    "title" : "hl7VS-bedStatus",
    "description" : "Value Set of codes that specify the state of a bed in an inpatient setting, and is used to determine if a patient may be assigned to it or not.",
    "systems" : ["http://terminology.hl7.org/CodeSystem/v2-0116"],
    "oids" : ["2.16.840.1.113883.21.51"],
    "sources" : ["2.16.840.1.113883.21.51"],
    "uses" : {
    },
    "StructureDefinition-smart-location.html" : "SMART Location"
  },
  {
    "url" : "http://terminology.hl7.org/ValueSet/v2-0276",
    "version" : "2.0.0",
    "status" : "active",
    "name" : "Hl7VSAppointmentReasonCodes",
    "title" : "hl7VS-appointmentReasonCodes",
    "description" : "Value Set of codes that describe the kind of appointment or the reason why an appointment has been scheduled.",
    "systems" : ["http://terminology.hl7.org/CodeSystem/v2-0276"],
    "oids" : ["2.16.840.1.113883.21.181"],
    "sources" : ["2.16.840.1.113883.21.181"],
    "uses" : {
    },
    "StructureDefinition-smart-slot.html" : "SMART Slot"
  },
  {
    "url" : "http://terminology.hl7.org/ValueSet/v3-ServiceDeliveryLocationRoleType",
    "version" : "3.0.0",
    "status" : "active",
    "name" : "ServiceDeliveryLocationRoleType",
    "title" : "ServiceDeliveryLocationRoleType",
    "description" : "A role of a place that further classifies the setting (e.g., accident site, road side, work site, community location) in which services are delivered.",
    "systems" : ["http://terminology.hl7.org/CodeSystem/v3-RoleCode"],
    "oids" : ["2.16.840.1.113883.1.11.17660"],
    "sources" : ["2.16.840.1.113883.1.11.17660"],
    "uses" : {
    },
    "StructureDefinition-smart-location.html" : "SMART Location"
  }]
}
